,Channel_name,Video_title,Video_url,Detailed_Summary,One_Line_Summary,Video_Source,Video_Type,Video_Title,View_Count,Publish_Date,Video_Length,Author
0,Benjamin Cowen,Bitcoin Dominance,https://www.youtube.com/watch?v=OrEdDZ94Od0,"The refined and expanded summary is as follows:

The video transcript presents a bullish case for Bitcoin dominance, arguing that it will continue to rise as the Federal Reserve maintains a tight monetary policy, leading to the altcoin market bleeding to the relative safety of Bitcoin. The speaker has been bullish on Bitcoin dominance for the past 2.5 years, and notes that it has recently hit a new cycle high of 57%, contrary to the expectations of many who believed it had already topped out.

The speaker attributes this to the fact that Bitcoin dominance tends to top out after the Federal Reserve starts cutting interest rates, rather than just based on the typical 4-year market cycle. The speaker suggests that Bitcoin dominance could continue to rise towards a 60% target, as the Federal Reserve keeps pushing back the timeline for interest rate cuts, which are seen as necessary for the altcoin market to start outperforming Bitcoin.

The speaker acknowledges that this process may not be linear, and there could be pullbacks and volatility along the way. The speaker emphasizes that the decision to invest in Bitcoin versus altcoins should be based on a risk-adjusted analysis, as Bitcoin is considered the least risky asset in the cryptocurrency space.

The speaker also discusses the potential for a short-term bounce in Ethereum's price relative to Bitcoin (ETH/BTC), but suggests that any such bounce would likely be rejected at the bull market support band and ultimately lead to further downside. The speaker's base case is for ETH/BTC to bottom out in June or July, potentially coinciding with the timing of the next Federal Reserve rate cut.

Additionally, the speaker provides historical analysis on the seasonal trends in Ethereum's and Bitcoin's performance, noting that altcoins tend to underperform Bitcoin during the summer months. The speaker also examines the relationship between Bitcoin dominance and the cryptocurrency market's performance around Bitcoin halving events, suggesting that Bitcoin dominance could see a spike in the third quarter of the year, similar to what has been observed in previous halving cycles.

The speaker further elaborates on the potential for altcoin capitulation, noting that many altcoins have been in a macro downtrend, exhibiting lower highs and lower lows against Bitcoin. The speaker suggests that this process may not be linear, and there could be short-term bounces and volatility along the way, but the overall trend is for altcoins to bleed against Bitcoin.

The speaker also discusses the potential for specific altcoins, such as Cardano (ADA) and Solana (SOL), to see further downside against Bitcoin. The speaker cautions against relying too heavily on trend lines, as they can sometimes be broken, and emphasizes the importance of a risk-adjusted approach when investing in the cryptocurrency market.

The additional context provided in the transcript does not offer any significant new information to further expand the summary. The existing summary already covers the key points and insights presented in the video transcript.","Bitcoin dominance to rise as the Federal Reserve maintains tight monetary policy, leading altcoins to bleed.",https://www.youtube.com/watch?v=OrEdDZ94Od0,Youtube,Bitcoin Dominance,30113,2024-04-21 00:00:00,5903,Benjamin Cowen
1,Benjamin Cowen,The 2024 Bitcoin Halving (LIVE!),https://www.youtube.com/watch?v=fAuXfvZ5W9o,"The enhanced and more comprehensive summary is as follows:

The transcript discusses the upcoming 2024 Bitcoin halving event, the fourth such event in Bitcoin's history. The speaker analyzes the current market conditions, noting the recent downturn in the broader markets, including the S&P 500 and Nasdaq. He suggests that the post-halving period could see a potential ""dump"" in Bitcoin's price, similar to what occurred after the 2016 halving.

The speaker believes that altcoins are still in the midst of their ""altcoin reckoning,"" with their Bitcoin pairs continuing to set new lows. He expects this summer to be a ""somewhat boring"" period where altcoin Bitcoin pairs finally bottom out. The speaker predicts that Bitcoin dominance will rise to around 60% before Bitcoin's price eventually falls below its 20-week moving average, at which point the market will have to determine the extent of the damage caused by the Federal Reserve's rate hike cycle.

The speaker provides a detailed technical analysis, outlining potential milestones such as Ethereum's Bitcoin pair reaching 0.03-0.04, and Bitcoin's price potentially correcting back to 60% below its all-time high, which would still be in line with previous market cycles. He emphasizes that this period of Bitcoin dominance increasing and altcoins underperforming is a necessary precursor to the next ""altcoin season.""

The speaker also discusses the potential for the Federal Reserve to cut interest rates earlier than expected, potentially as soon as June or July, if the labor market shows signs of weakness. He believes the Fed will be quick to pivot if the unemployment rate spikes, as it did in June 2022. The speaker suggests that the pricing out of rate cuts could lead to them being priced back in, as the market realizes the Fed may need to act more aggressively to support the economy.

Additionally, the speaker provides insights on altcoin selection, advising investors to look for altcoins that can establish a bottom against Bitcoin over the next 3-6 months, as these are more likely to be the ones that will perform well in the next ""altcoin season.""

The speaker also discusses the importance of timing and risk bands when it comes to dollar-cost averaging (DCA) strategies. He suggests that by DCAing at lower risk levels, investors can potentially double or triple their returns compared to a static DCA approach.

Overall, the transcript presents a bearish short-term outlook for the cryptocurrency market, with the speaker anticipating further downside for altcoins on their Bitcoin pairs before the market can recover. The main message is that the current market cycle is following a familiar pattern, and investors should be prepared for a potentially volatile and choppy period ahead of the next major uptrend.","The video discusses the upcoming 2024 Bitcoin halving, market conditions, and the potential for altcoin recovery and the next ""altcoin season"".",https://www.youtube.com/watch?v=fAuXfvZ5W9o,Youtube,The 2024 Bitcoin Halving (LIVE!),81555,2024-04-19 00:00:00,3901,Benjamin Cowen
2,Benjamin Cowen,Bitcoin: The Halving Approaches,https://www.youtube.com/watch?v=QhJFtaXaYxE,"The transcript discusses the upcoming Bitcoin halving event, which is a significant event in the cryptocurrency market where the block reward for mining Bitcoin is reduced by half. The speaker provides an analysis of the potential short-term outcomes for Bitcoin's price action following the halving, suggesting two likely scenarios: either Bitcoin goes straight to its 20-week simple moving average (SMA) or it experiences a bounce to just above the 8-week moving average before resolving to a lower low in May.

The speaker compares Bitcoin's current price action to previous market cycles, noting that the S&P 500 and Ethereum have already reached their respective 20-week SMAs, indicating that Bitcoin could potentially follow suit. However, the speaker acknowledges the uncertainty in predicting the exact outcome and suggests that the market will likely provide more clarity in the coming weeks.

The speaker also discusses the potential impact of the halving on the altcoin market, suggesting that if Bitcoin were to drop to its 20-week SMA, it could lead to altcoins falling below their bull market support bands, similar to what was observed in 2019. The speaker emphasizes that the altcoin market is highly sensitive to Bitcoin's price movements, and a prolonged period of Bitcoin consolidation or choppiness could result in a significant devaluation of altcoin Bitcoin pairs.

The speaker expresses a bullish long-term outlook on Bitcoin, stating that it is ""ahead of schedule"" compared to previous cycles and can afford to give back some of its gains while still remaining in line with historical trends. However, the speaker cautions that the altcoin market may be more vulnerable to further downside, as many altcoins are not far from their lows and could potentially set new lows if Bitcoin retraces to levels seen in previous cycles.

Overall, the transcript presents a cautious and analytical perspective on the potential market dynamics surrounding the Bitcoin halving, with a focus on the potential implications for both Bitcoin and the broader altcoin market.","The video discusses the upcoming Bitcoin halving, analyzing potential short-term price scenarios and the impact on the altcoin market.",https://www.youtube.com/watch?v=QhJFtaXaYxE,Youtube,Bitcoin: The Halving Approaches,32859,2024-04-19 00:00:00,1110,Benjamin Cowen
3,Benjamin Cowen,Bitcoin Halving Eve,https://www.youtube.com/watch?v=kjHe5KLT1W8,"The refined and expanded summary is as follows:

The transcript discusses the upcoming Bitcoin halving event, which is set to occur in around 24 hours. The host expresses uncertainty about the market's reaction, noting that there could be significant volatility around the event. He suggests that the altcoin market may suffer if Bitcoin either rallies or drops significantly, as altcoins tend to bleed against Bitcoin during such periods.

The host also discusses Bitcoin dominance, stating that he has been bullish on it for over 2.5 years and believes it could reach 60% this summer. He cautions viewers to be prepared for this, as it would likely be detrimental to the altcoin market. The host notes that the demographics of his audience are predominantly male, between the ages of 25-44, and mostly from the United States, UK, Australia, Canada, and the Netherlands.

Regarding the current market conditions, the host acknowledges that Bitcoin is trading just below $61,000 and that gold has broken out, which he sees as a risk-off signal for the crypto market. He suggests that the altcoin market has been struggling, with many altcoins hitting new lows against Bitcoin. The host believes that this is similar to what was observed before the previous rate cuts, where altcoins struggled as Bitcoin either rallied or dropped.

The host also discusses the potential for the Federal Reserve to cut interest rates, stating that he believes they may do so sooner than the market currently expects, as the pricing out of rate cuts could cause them to be priced back in. He suggests that businesses may change their spending behavior if they believe the Fed will keep rates higher for longer, which could ultimately lead to the Fed cutting rates sooner.

The additional context provides further insights into the host's perspective on the current market dynamics. He emphasizes that altcoins tend to bleed against Bitcoin during periods of volatility, and that Bitcoin dominance is likely to continue rising, potentially reaching 60% this summer. The host cautions that this would be detrimental to the altcoin market, as the lack of new retail investors entering the space would lead to the altcoin market continuing to struggle against Bitcoin.

The host also discusses the potential impact of the Federal Reserve's interest rate decisions, suggesting that the pricing out of rate cuts could lead to them being priced back in sooner than expected. He believes that this could cause businesses to change their spending behavior, ultimately leading the Fed to cut rates sooner than the market currently anticipates.

Overall, the transcript maintains a cautious and somewhat bearish tone, with the host expressing concerns about the potential impact of the Bitcoin halving and the current market conditions on the altcoin market. He emphasizes the importance of having a plan to navigate the upcoming volatility and suggests that Bitcoin dominance may continue to rise, potentially to the detriment of altcoins.","The video discusses the upcoming Bitcoin halving, market volatility, Bitcoin dominance, and the potential impact of Federal Reserve interest rate decisions on the crypto market, with a cautious and bearish outlook.",https://www.youtube.com/watch?v=kjHe5KLT1W8,Youtube,Bitcoin Halving Eve,57511,2024-04-18 00:00:00,5221,Benjamin Cowen
4,Benjamin Cowen,NFA Live! The Bitcoin Halving,https://www.youtube.com/watch?v=wS-ramvvRFU,"The refined and expanded summary is as follows:

The transcript discusses the upcoming Bitcoin halving event and its potential impact on the cryptocurrency market. The speakers, Rob and Max, share their views on how Bitcoin has historically performed in the year leading up to and following a halving event. They note that while there are often dips before the halving, the year after has typically seen significant price appreciation, with past halvings resulting in 500-600% gains.

The discussion also touches on Bitcoin dominance, with Max suggesting that the recent surge in Bitcoin dominance may be nearing a peak, drawing parallels to a similar pattern seen in 2020. He believes that over the next 6 months, Bitcoin dominance could trend downwards, potentially leading to a bottom in the ETH/BTC ratio.

The speakers acknowledge the role of macroeconomic factors, such as Federal Reserve policy and potential quantitative easing, in shaping the cryptocurrency market's performance. They express cautious optimism about the market's prospects, recognizing that while the current environment is unique, historical patterns and cycles suggest potential for further upside in the short to medium term.

The discussion also covers the potential for growth in Layer 2 solutions built on Bitcoin, such as Stacks and Core, which offer cheaper and faster transactions compared to Ethereum. The speakers suggest that the development of these Layer 2 solutions could contribute to an increase in Bitcoin dominance, as they provide more functionality and utility for the Bitcoin network.

Additionally, the speakers touch on the concept of ""sell in May and go away,"" a seasonal trading strategy that has historically shown some success in the cryptocurrency market. They analyze past performance during presidential election years and non-election years, noting that the market tends to experience more volatility and potential downside during election years.

The overall sentiment of the transcript is bullish, with the speakers highlighting the positive historical precedents and the potential for continued growth in the cryptocurrency market, particularly around the Bitcoin halving event. The main message is that while there may be some near-term volatility, the long-term outlook for Bitcoin and the broader cryptocurrency space remains favorable, with the development of Layer 2 solutions and the potential for increased Bitcoin dominance as key factors to consider.","The main message is that the upcoming Bitcoin halving event could lead to significant price appreciation in the cryptocurrency market, based on historical patterns and cycles.",https://www.youtube.com/watch?v=wS-ramvvRFU,Youtube,NFA Live! The Bitcoin Halving,39682,2024-04-18 00:00:00,3967,Benjamin Cowen
5,Benjamin Cowen,Bitcoin: Dubious Speculation,https://www.youtube.com/watch?v=AwqI3fDVbp8,"The refined and expanded summary is as follows:

The video transcript provides a comprehensive analysis of the current state of the cryptocurrency market, particularly Bitcoin, and potential scenarios going forward. The key points are:

1. The video examines the behavior of the 8-week exponential moving average (8WE SMA) and its significance as a support level for Bitcoin. The presenter notes that a weekly close below this level would be a significant milestone and discusses past instances where Bitcoin has reacted after falling below the 8WE SMA.

2. The presenter compares the current Bitcoin rally to previous rallies in 2019 and 2021, highlighting similarities in the market dynamics. He suggests that the market's reaction to a potential weekly close below the 8WE SMA could be similar to what was observed in 2019, where Bitcoin had a relief rally but Ethereum's performance (measured by the ETH/BTC pair) continued to decline.

3. The analysis suggests that the current market environment, characterized by the Federal Reserve's quantitative tightening, is different from the 2021 scenario, where the Fed was expanding its balance sheet. This difference in monetary policy is expected to have an impact on the performance of the ETH/BTC pair, potentially leading to a decline rather than a rally.

4. The presenter acknowledges that there is no guarantee of a relief rally, and even if one occurs, it does not necessarily mean that altcoins will benefit. He cites examples from 2019 where Bitcoin rallies did not translate into gains for altcoins, as Bitcoin's strength continued to weigh on the altcoin market.

5. The overall sentiment of the transcript is cautious and bearish, as the presenter suggests that the current market conditions, particularly the Federal Reserve's monetary policy, are not favorable for altcoins and that Bitcoin dominance is likely to continue increasing.

6. The presenter provides additional insights and analysis, including the potential for a ""summer lull"" in the cryptocurrency market, similar to what was observed in 2019 and 2021. He examines various indicators, such as Bitcoin dominance excluding stablecoins, the relationship between Bitcoin and gold, and the behavior of USDT dominance, to support his bearish outlook.

7. The presenter acknowledges the possibility of a relief rally, but cautions that it may not necessarily lead to a sustained recovery in the altcoin market. He suggests that the altcoin market may continue to underperform Bitcoin, and that Bitcoin dominance could reach levels around 60% before a more significant pullback occurs.

8. The presenter discusses the potential impact of the upcoming Bitcoin halving event, noting that if the bulls are unable to push Bitcoin above the 8WE SMA by the end of the current week, the following week could be crucial in determining the market's direction. He suggests that a failure to rally above the 8WE SMA could lead to a capitulation and a larger drop towards the bull market support band around $53-54k.

9. The presenter also examines the relationship between the US dollar index (DXY) and the cryptocurrency market, noting that a rally in the US dollar typically leads to a devaluation of other currencies against the US dollar, which can negatively impact high-risk assets like altcoins and benefit low-risk assets like Bitcoin.

10. The presenter acknowledges that while a ""left-translated"" market cycle, where the market continues to rally into the summer, is a possibility, it is not his base case. He emphasizes that his strategy has been to maintain a Bitcoin-heavy portfolio, converting his altcoin holdings to Bitcoin in early 2022 and selectively buying Bitcoin at the lows, as he believes this approach minimizes downside risk and provides exposure to the upside potential of Bitcoin.

11. The presenter further reinforces the importance of maintaining a Bitcoin-heavy portfolio, as he believes that no matter what happens, Bitcoin dominance is likely to increase. He suggests that this strategy provides exposure to the upside potential of Bitcoin while minimizing downside risk, even though Bitcoin may still experience a significant drop at some point in the future.

12. The presenter acknowledges the possibility of being wrong in his analysis and maintains a small allocation to Bitcoin as a hedge, in case his bearish outlook does not materialize and Bitcoin continues to rally to higher levels.","The video provides a cautionary outlook on the cryptocurrency market, suggesting that the current macroeconomic conditions and Federal Reserve's monetary policy may not be favorable for altcoins, and Bitcoin dominance is likely to increase.",https://www.youtube.com/watch?v=AwqI3fDVbp8,Youtube,Bitcoin: Dubious Speculation,53977,2024-04-17 00:00:00,3819,Benjamin Cowen
6,Benjamin Cowen,ETH/BTC Has Fallen!,https://www.youtube.com/watch?v=gLkNGuLT38E,"The transcript discusses the Ethereum-Bitcoin (ETH/BTC) ratio and its implications for the valuation of Ethereum (ETH) in US dollars (USD). The speaker has been tracking the ETH/BTC ratio for a long time and has previously expressed bullish views on it, believing it was undervalued. However, the speaker now sees similarities between the current ETH/BTC pattern and the Bitcoin USD ""wolf distribution"" pattern, suggesting a potential capitulation phase for ETH.

The speaker argues that when the ETH/BTC ratio breaks down, it has historically been followed by a significant drop in the ETH/USD valuation, with examples of 54% and 68% declines in the past. The speaker believes this could happen again, potentially leading to ETH/USD dropping to around $2,000, which was a previous support and resistance level. The speaker suggests that this drop in ETH/USD could occur even in the absence of a recession, as it is primarily driven by the changing monetary policy environment.

The speaker remains more bullish on Bitcoin (BTC) compared to ETH, believing that BTC is a safer bet during periods of quantitative tightening. The speaker also dismisses some of the narratives around Ethereum, such as the impact of regulation or the spot ETF rejection, arguing that these factors are not the primary drivers of ETH's valuation.

The speaker believes that ETH/BTC has entered the final capitulation phase and could potentially bottom out as early as June 2023, but this will depend on the Federal Reserve's monetary policy decisions. The speaker suggests that if the Fed does not pivot to easing until later, the bottom for ETH/BTC could take longer to materialize. The speaker also warns that the altcoin market, including ETH, could face significant declines similar to the previous cycle, where altcoins lost around 72% of their USD valuation.

Overall, the transcript presents a bearish outlook on Ethereum's USD valuation, with the speaker suggesting that the breakdown in the ETH/BTC ratio is a significant event that investors should pay attention to, as it could lead to a substantial decline in ETH/USD.","The speaker expects the Ethereum-Bitcoin ratio to enter a capitulation phase, potentially leading to a significant decline in Ethereum's US dollar valuation.",https://www.youtube.com/watch?v=gLkNGuLT38E,Youtube,ETH/BTC Has Fallen!,73261,2024-04-16 00:00:00,3138,Benjamin Cowen
7,Benjamin Cowen,Bitcoin: The 2024 Halving,https://www.youtube.com/watch?v=wf19QDH7EG8,"The refined and expanded summary is as follows:

The video transcript discusses the upcoming Bitcoin halving event and its potential impact on the cryptocurrency market. The speaker acknowledges that making accurate price predictions is challenging, but revisits a previous forecast he made in 2020 that Bitcoin could reach $40-50,000 by the fourth halving.

The speaker presents two potential scenarios for the market's behavior after the halving. The first is a ""left-translated peak"" where the market tops out earlier than historical cycles, potentially in 2024 rather than 2025. The reasoning is that Bitcoin has already reached new all-time highs before the halving, which is unprecedented. The second scenario is a more typical cycle where the market cools off after the halving, potentially dropping to the $40-50,000 range the speaker previously forecasted, before resuming its bull run later in the post-halving year.

The speaker notes that the current high-risk environment going into the halving is different compared to previous cycles. However, the speaker leans more towards the second scenario of the market aligning with historical patterns, citing evidence that Bitcoin's performance relative to Ethereum has been correlated with monetary policy shifts, such as rate cuts followed by a QE bull market.

The speaker acknowledges that if Bitcoin continues to accelerate after the halving, it would lend more merit to the idea of a left-translated top. However, if Bitcoin cools off into the summer, it would suggest a similar pattern to the previous cycle, with an intermediate market cooldown before a final push higher.

The speaker revisits his 2020 prediction of Bitcoin reaching $40-50,000 by the fourth halving, noting that the current pre-halving price of $64,000 is higher than his previous forecast. The speaker suggests that the fair value of Bitcoin, based on regression analysis, is around $52,000, but could potentially be in the $40-50,000 range if the chart is updated. The speaker emphasizes the difficulty in accurately predicting these markets and acknowledges that the current price being above the fair value range does not necessarily mean the world is ""falling apart.""

Overall, the transcript takes a balanced, analytical approach, weighing the merits of differing viewpoints on how the market may evolve after the halving. The main message is that while this cycle appears atypical, there is still a reasonable case for it following a similar pattern to previous cycles, with the potential for an intermediate market cooldown before a final push higher.","The video discusses the upcoming Bitcoin halving and its potential impact, with the speaker presenting two scenarios while acknowledging the difficulty of accurate price predictions.",https://www.youtube.com/watch?v=wf19QDH7EG8,Youtube,Bitcoin: The 2024 Halving,93485,2024-04-15 00:00:00,1818,Benjamin Cowen
8,Benjamin Cowen,Bitcoin: Dubious Speculation,https://www.youtube.com/watch?v=RSF3ywcKUeE,"The transcript discusses the recent movements in Bitcoin's price and its relationship with the broader cryptocurrency market, particularly altcoins. The speaker analyzes the similarities and differences between the current price action and the period leading up to the launch of the Bitcoin spot ETF in January. He suggests that the weakening of the altcoin market, which has been a significant source of liquidity for Bitcoin, may be contributing to the slight deviation in Bitcoin's price behavior compared to the previous pattern.

The speaker emphasizes the importance of Bitcoin dominance as the key to understanding the broader trends in the cryptocurrency market. He advises that during periods of quantitative tightening and high interest rates, it is prudent to be heavily invested in Bitcoin rather than altcoins, as Bitcoin dominance tends to increase regardless of market conditions. The speaker further elaborates on the historical patterns of Bitcoin's price behavior around the month of April, noting that the cryptocurrency has often seen local tops during this period. He suggests that this could be a potential scenario for the current market, especially if the altcoin pairs continue to weaken.

The transcript also discusses the potential scenarios for Bitcoin's price movement leading up to the upcoming halving event. The speaker suggests that the outcome may depend on the performance of altcoin pairs, as a breakdown in these pairs could lead to a deeper correction in Bitcoin's price, similar to what was observed in 2019. However, he acknowledges the difficulty in predicting the short-term price movements and emphasizes the importance of a long-term, disciplined approach to investing in cryptocurrencies.

The transcript also provides insights into the potential impact of the upcoming Federal Reserve policy changes, such as the transition from quantitative tightening to quantitative easing. The speaker suggests that during periods of loose monetary policy, altcoins tend to outperform Bitcoin, while the opposite is true during times of tightening. He advises that maintaining a Bitcoin-heavy portfolio may be the most prudent approach during periods of market uncertainty.

Overall, the transcript presents a cautious and analytical perspective on the current state of the cryptocurrency market, with a focus on the role of Bitcoin dominance and the potential impact of altcoin performance and Federal Reserve policy changes on Bitcoin's price.","Bitcoin's price behavior is closely tied to the broader cryptocurrency market, particularly altcoins. Maintaining a Bitcoin-heavy portfolio is prudent during periods of market uncertainty.",https://www.youtube.com/watch?v=RSF3ywcKUeE,Youtube,Bitcoin: Dubious Speculation,71279,2024-04-13 00:00:00,4276,Benjamin Cowen
9,Benjamin Cowen,Bitcoin: Social Risk,https://www.youtube.com/watch?v=-Kn2JEBoRes,"The video transcript discusses the concept of ""social risk"" in the cryptocurrency market, which is a metric that tracks interest and engagement within the crypto space. The presenter argues that the current social risk level of 0.262 suggests that there is still room for the market to run, as the social risk has not yet reached the high-risk territory near 1.0 that typically signals a market cycle top.

The presenter has expanded the number of YouTube channels and Twitter accounts tracked to provide a more comprehensive view of retail interest. The data shows that while subscriber growth and view counts for crypto YouTube channels have declined from their peaks, they are still elevated compared to previous lows. Similarly, the growth in Twitter followers for crypto-related accounts has slowed, with some accounts even seeing negative growth due to what appears to be a platform-wide issue.

The presenter ties the social risk metric to monetary policy, noting that it tends to bottom when the Federal Reserve pauses rate hikes, as investors become more willing to take on risk. However, the presenter argues that in the current high-interest rate, quantitative tightening environment, the social risk may struggle to maintain elevated levels unless Bitcoin price continues to make new highs on a regular basis. Otherwise, the presenter suggests that the social risk could fall back into the 0.0-0.2 range, which would likely coincide with a further increase in Bitcoin dominance as altcoins bleed against BTC.

The presenter believes that this scenario, if it plays out, would be similar to the 2019 market cycle, where Bitcoin dominance topped out after the social risk put in a secondary bottom. The presenter suggests that this could happen again later this year as the Fed eventually cuts rates, potentially marking the end of the current Bitcoin dominance cycle.

The presenter also discusses the concept of the ""altcoin reckoning,"" arguing that it is not about the devaluation of all USD pairs, but rather the devaluation of all Bitcoin pairs. The presenter notes that many altcoins, including Ethereum, are currently putting in new lows against Bitcoin, suggesting that the altcoin reckoning has not yet ended. The presenter believes that this could lead to further underperformance of altcoins against Bitcoin in the near term, but also suggests that it could set the stage for an eventual altcoin resurgence once the Fed shifts to a more accommodative policy stance.","The video discusses social risk in the cryptocurrency market, suggesting room for the market to run as risk levels have not reached high-risk territory. The presenter ties social risk to monetary policy, noting it may struggle without Bitcoin price making new highs, potentially leading to increased Bitcoin dominance.",https://www.youtube.com/watch?v=-Kn2JEBoRes,Youtube,Bitcoin: Social Risk,25546,2024-04-13 00:00:00,1457,Benjamin Cowen
10,Benjamin Cowen,Cardano Outlook,https://www.youtube.com/watch?v=VOJdqSwFgBU,"The refined and expanded summary is as follows:

The transcript presents a detailed analysis of the Cardano (ADA) cryptocurrency and its performance relative to Bitcoin. The speaker expresses a bearish sentiment, arguing that altcoins like ADA will continue to bleed against Bitcoin during periods of quantitative tightening (QT) by the Federal Reserve.

The key points made in the transcript are:

1. The speaker's bias has been that altcoins will bleed against Bitcoin since 2022, and this view has been playing out, with larger altcoins like Ethereum and Cardano testing support against Bitcoin. The speaker believes that the primary driver of altcoin performance is the monetary policy environment, with altcoins tending to outperform Bitcoin during periods of quantitative easing (QE) and underperforming during QT.

2. The speaker provides historical examples, showing that Cardano's bottom against Bitcoin in the previous cycle coincided with the Fed's pivot from QT to QE, and not any specific Cardano-related developments. Currently, the speaker believes Cardano is approaching a crucial support level of 800 sats against Bitcoin, and their base case is that it will break below this level, as the Fed remains in a QT environment.

3. The speaker acknowledges the possibility of a temporary bounce in Cardano's price against Bitcoin, but maintains that the overall trend will be downward for Cardano against Bitcoin, unless the Fed pivots back to QE. The speaker provides historical examples of altcoin performance during periods of QT, showing that altcoins tend to bleed against Bitcoin as higher-risk assets are sold off in favor of the lower-risk Bitcoin.

4. The speaker also discusses the potential impact of the upcoming Bitcoin halving event, noting that if Cardano's price against Bitcoin is unable to keep up with a potential Bitcoin rally leading up to the halving, it could lead to a breakdown in Cardano's support against Bitcoin, which could then result in further losses when Bitcoin eventually corrects.

5. The speaker acknowledges that Cardano's USD valuation is more puzzling, as it will depend on the overall performance of Bitcoin. The speaker suggests that if Bitcoin rallies, it could lift Cardano's USD price, but maintains that exposure to Bitcoin may be a better strategy than holding Cardano directly, given the altcoin's tendency to bleed against Bitcoin during periods of QT.

6. The speaker provides additional context and analysis, including a comparison of Cardano's performance against Bitcoin and Ethereum over the past several quarters, as well as a discussion of Cardano's dominance and risk levels. The speaker also examines historical patterns of altcoin performance during periods of shifting monetary policy, suggesting that Cardano may need to test lower support levels before a potential reversal can occur.

In summary, the transcript presents a comprehensive and data-driven bearish outlook on Cardano's performance against Bitcoin, primarily driven by the speaker's belief that altcoins will continue to bleed during the current QT environment, rather than any specific factors related to Cardano. The additional context provided in the transcript further reinforces the speaker's analysis and outlook.",Altcoins like Cardano likely to underperform Bitcoin during Fed's quantitative tightening.,https://www.youtube.com/watch?v=VOJdqSwFgBU,Youtube,Cardano Outlook,42483,2024-04-12 00:00:00,4007,Benjamin Cowen
11,Benjamin Cowen,Bitcoin On-Chain: HODL Waves,https://www.youtube.com/watch?v=VRkaOo6Garo,"The video transcript discusses the ""Hodl waves"" or long-term and short-term holding patterns of Bitcoin investors. The key points are:

1. When Bitcoin breaches new highs, the long-term Hodl wave (investors holding for over 6 months) starts to drop as these long-term holders start selling to short-term holders. This has happened consistently at major Bitcoin price tops in 2017, 2019, 2020, and 2021.

2. Currently, the long-term Hodl wave has dropped from 79% in December 2021 to 71% in April 2022, indicating that long-term holders are selling. This suggests Bitcoin may be entering a topping pattern, similar to previous cycles.

3. Conversely, the short-term Hodl wave (investors holding for less than 6 months) has been increasing, from 21% in December 2021 to almost 29% in April 2022, as short-term speculators buy in.

4. The presenter suggests watching for a breakdown in all Bitcoin trading pairs (BTC pairs) to around 0.39 or below, as this could signal an impending pullback, similar to what was seen around the Bitcoin ETF launch in 2021.

5. Overall, the transcript has a cautiously bearish sentiment, as it highlights the typical selling behavior of long-term Bitcoin holders at market tops. The presenter suggests the current cycle may be following a similar pattern to previous ones.

In summary, the main message is that the on-chain data, particularly the Hodl wave analysis, indicates Bitcoin may be approaching a local top, based on the historical precedent of long-term holders selling to short-term speculators at major price peaks.","The on-chain data suggests Bitcoin may be approaching a local top, as long-term holders sell to short-term speculators.",https://www.youtube.com/watch?v=VRkaOo6Garo,Youtube,Bitcoin On-Chain: HODL Waves,25938,2024-04-09 00:00:00,789,Benjamin Cowen
12,Benjamin Cowen,Bitcoin: The Beauty of Mathematics (Part 45),https://www.youtube.com/watch?v=qMIwh7UoPMo,"The transcript discusses the current state of the cryptocurrency market, particularly Bitcoin, and provides insights into the cyclical nature of its valuation. The speaker notes that the market has gone through periods of undervaluation and overvaluation, with the current situation being slightly overvalued. The speaker emphasizes the importance of recognizing these cycles and having a plan to scale in during undervaluation and scale out during overvaluation, as these phases can last for months or even years.

The transcript highlights the rotation of capital from altcoins to Bitcoin, with Bitcoin reaching new highs while many altcoins are still far from their previous highs. The speaker suggests that during the current late rate hiking cycle, it may be prudent to be ""heavy Bitcoin"" rather than heavily invested in riskier assets like Ethereum, as Bitcoin has historically outperformed during such periods. However, the speaker also notes that after rate cuts occur, the higher-risk assets may start to catch up.

The transcript provides a general market trend analysis, reminding viewers that the overall market trend is up over a long enough period, despite the presence of ""scary phases"" like March 2020, 2018, and 2014. The speaker suggests that focusing on the general market trend and Bitcoin dominance, as well as understanding the relationship between monetary policy and cryptocurrency performance, can help navigate these cycles.

The transcript concludes by noting that the ultimate goal for the cryptocurrency market is a market capitalization of over $10 trillion, with the speaker expressing a sense of wonder and optimism about the potential growth of the industry.

Overall, the transcript presents a bullish sentiment, emphasizing the cyclical nature of the cryptocurrency market and the importance of having a strategic approach to navigating these cycles, particularly in relation to Bitcoin's performance during different monetary policy environments.","The cryptocurrency market is cyclical, with periods of undervaluation and overvaluation. Bitcoin is currently slightly overvalued, but the overall trend is up, and the market has the potential to reach a $10 trillion market capitalization.",https://www.youtube.com/watch?v=qMIwh7UoPMo,Youtube,Bitcoin: The Beauty of Mathematics (Part 45),45927,2024-03-31 00:00:00,593,Benjamin Cowen
13,Benjamin Cowen,Jobs Report,https://www.youtube.com/watch?v=1TWdVGIKqu0,"The refined and more comprehensive summary is as follows:

1. The unemployment rate remained relatively flat at 3.7%, but some states like California and the District of Columbia have seen higher unemployment rates, potentially due to the impact of tightening on smaller tech companies.

2. The employment level, as measured by the establishment survey, showed a significant increase, with the private sector adding 317,000 jobs in the latest report, the largest monthly gain in a year, suggesting the economy is still creating jobs at a robust pace.

3. The strong jobs report makes it unlikely the Federal Reserve will cut interest rates in March, as some had speculated. The author argues that the Fed is likely to maintain its current restrictive stance until there is clear evidence of a significant economic slowdown.

4. The analysis also covers other employment metrics, such as job openings, which have started to level off but remain elevated, and the labor force participation rate, which has declined slightly on a year-over-year basis.

The additional context suggests that the longer the Fed maintains its restrictive stance, the more the higher market capitalization companies may outperform the lower market capitalization companies, as investors seek safer havens. This dynamic is driven by the stronger balance sheets and greater resilience of the larger firms compared to smaller businesses that may struggle to survive the tightening cycle. The author also discusses the potential timing of future interest rate cuts, noting that the market may be pricing in more cuts than the Fed is likely to deliver this year. However, the additional context does not provide any further insights to expand the existing summary.","The video concludes that the strong job market makes it unlikely the Fed will cut interest rates soon, as they maintain a restrictive stance to combat inflation.",https://www.youtube.com/watch?v=1TWdVGIKqu0,Youtube,Jobs Report,25937,2024-02-02 00:00:00,2531,Benjamin Cowen
14,Benjamin Cowen,Tesla Outlook,https://www.youtube.com/watch?v=COLLouRJIRY,"The refined and expanded summary is as follows:

The transcript provides a nuanced analysis of Tesla's stock performance and the author's evolving views on the company. Initially bullish on Tesla in 2017-2019, the author became increasingly cautious as the stock price skyrocketed, eventually turning very bearish in early 2022 as the broader market entered a bear market. The author predicted a potential 77% drop in Tesla's stock price, which ultimately materialized as a 75.5% decline.

The author acknowledges that their target was not exact and that being too focused on precise targets can be counterproductive. The author discusses the potential outcomes for Tesla going forward, suggesting that if a recession is avoided, the current low may hold, but if a recession occurs, Tesla could potentially test or even break below the recent low. The author notes that even in a recessionary environment, some stocks like Meta may only see a higher low, while Tesla could potentially drop 50% and reach the 77% drawdown target.

The additional context provides further insights into the author's thought process and approach. The author expresses a willingness to learn from their mistakes and not get caught up in ""dunking"" on others for having different views. The author also discusses the potential impact of interest rate changes and the Fed's actions on Tesla's demand and stock price, suggesting that a soft landing scenario could lead to the current low holding, while a hard landing could result in a test or breach of the recent low.

The overall sentiment is cautiously optimistic, with the author acknowledging the difficulty of predicting the exact market movements, but providing a balanced perspective on Tesla's potential future performance based on various economic scenarios. The author emphasizes the importance of maintaining an open and learning-oriented approach to investing.","Tesla's stock price declined 75.5%, in line with the author's cautious outlook amid broader market volatility.",https://www.youtube.com/watch?v=COLLouRJIRY,Youtube,Tesla Outlook,25660,2024-01-30 00:00:00,2199,Benjamin Cowen
15,Benjamin Cowen,Bitcoin: The Beauty of Mathematics (Part 42),https://www.youtube.com/watch?v=_Mk5E_GXKxw,"The refined and expanded summary is as follows:

The transcript provides a detailed analysis of the current state of the cryptocurrency market, particularly Bitcoin and the overall crypto asset class. The presenter discusses various metrics and models to assess the market's valuation, including the total market capitalization, the fair value logarithmic regression trend line, and the risk metric. The presenter argues that the crypto market has been in an undervaluation territory for the past year and a half, with the total market cap currently 24.65% below the fair value trend line.

The presenter presents two potential views on the current market cycle. The more bullish view suggests that the market is following a similar trajectory to previous cycles, with the potential for continued upside. The more bearish view, however, suggests that the market may be approaching a midcycle top, similar to what was observed in 2019, which could lead to a cooling-off period before a potential larger bull run. The presenter also discusses the potential impact of the Federal Reserve's interest rate decisions, noting that rate cuts could be a catalyst for a renewed bull market.

The presenter provides a detailed analysis of the total market capitalization of the crypto asset class, exploring the potential for the market to reach a $10 trillion valuation in the future. However, the presenter acknowledges the uncertainty and the potential for the Fed's actions to influence the market's trajectory.

The presenter also examines the Ethereum-Bitcoin valuation ratio, noting that it has been trading in a tight range, similar to the pattern observed in the previous cycle. The presenter suggests that the behavior of the Ethereum-Bitcoin ratio could provide insights into the current market cycle and the potential for a midcycle top, particularly in relation to the timing of potential interest rate cuts by the Federal Reserve.

Additionally, the presenter discusses the importance of social risk metrics, such as the level of social media engagement and sentiment, as potential indicators of the market's trajectory. The presenter suggests that a sustained increase in social risk could be a signal of a renewed bull market, but also acknowledges that the current level of engagement remains lower compared to the peak of the previous bull market.

Overall, the transcript presents a balanced and nuanced view of the current state of the cryptocurrency market, highlighting both the bullish and bearish factors that could shape the market's future performance, with a particular focus on the potential influence of monetary policy and the behavior of key market indicators.","The cryptocurrency market is in an undervalued state, with potential for a bullish or bearish cycle ahead, depending on Federal Reserve policies.",https://www.youtube.com/watch?v=_Mk5E_GXKxw,Youtube,Bitcoin: The Beauty of Mathematics (Part 42),59217,2024-01-01 00:00:00,2496,Benjamin Cowen
16,Benjamin Cowen,Bitcoin On-Chain Risk,https://www.youtube.com/watch?v=XJiAyLtFO6I,"The video transcript discusses the concept of on-chain risk analysis, which is a method of evaluating the risk in the cryptocurrency market based on various on-chain metrics. The speaker explains that on-chain analysis can sometimes be used to paint a more optimistic picture of the market, but it can also provide valuable insights into the overall risk level.

The speaker outlines several on-chain risk metrics, including the MVRV Z-score, P/E multiple, MVRV risk, miner cap to thermocap ratio, transaction fees risk, market cap to thermocap ratio, terminal price risk, HODL ratio, and supply and profit risk. Each of these metrics is normalized on a scale of 0 to 1, with higher values indicating higher risk.

The speaker then combines these individual risk metrics into a single ""total on-chain risk"" score, which is currently at 0.55. The speaker suggests that when the total on-chain risk is low (between 0 and 0.4), it may be a good time to buy, and when it is high (above 0.6), it may be a good time to sell. However, the speaker also acknowledges that the on-chain risk does not always accurately predict market movements, and that it is important to consider other factors as well.

The speaker emphasizes that their personal investment strategy is to simply react to the on-chain risk levels, rather than trying to predict market movements based on their own biases or opinions. They argue that this approach allows them to sleep well at night, as they are not constantly trying to guess what the market will do.

Overall, the transcript presents a bullish sentiment towards the use of on-chain risk analysis as a tool for navigating the cryptocurrency market, while also acknowledging its limitations and the importance of a disciplined, reactive investment strategy.

The main message and conclusion of the transcript is that on-chain risk analysis can provide valuable insights into the overall risk level in the cryptocurrency market, and that a disciplined, reactive investment strategy based on these risk levels can be an effective way to navigate the market.","On-chain risk analysis can provide valuable insights into cryptocurrency market risk, but should be used with other factors.",https://www.youtube.com/watch?v=XJiAyLtFO6I,Youtube,Bitcoin On-Chain Risk,30560,2023-12-21 00:00:00,432,Benjamin Cowen
17,Benjamin Cowen,Bitcoin: Percentage Drawdown From All Time Highs,https://www.youtube.com/watch?v=CzF7lQbQAmg,"The video transcript discusses the percentage drawdown of Bitcoin from its all-time high, providing a detailed analysis of the cryptocurrency's price movements across different market cycles. The presenter notes that in the previous two cycles, Bitcoin experienced significant drawdowns of around 93% and 82-87% respectively, before recovering. In the current cycle, the drawdown has been around 75%, with a brief spike to around 38% down from the highs, similar to the patterns observed in the previous cycles.

The presenter suggests that this spike in the drawdown percentage could be an indication of a potential ""cool-off period"" in the coming months, similar to what was observed in the previous cycles. The presenter also compares the drawdown of Bitcoin to that of Ethereum, which has seen a larger drawdown of around 54% from its all-time high, indicating that Bitcoin has been holding up better than Ethereum during the current market conditions.

The presenter also discusses the potential impact of the upcoming spot Bitcoin ETF, which could be launched in January, and how it might affect the market dynamics and lead to a similar rally and subsequent cool-off period as observed in the past.

The overall sentiment of the transcript is cautiously optimistic, as the presenter is analyzing the historical patterns and drawing parallels to the current market conditions, without making any definitive predictions. The presenter is encouraging viewers to closely monitor the market developments and the percentage drawdown from the all-time highs, as it could provide valuable insights into the future price movements of Bitcoin.

In summary, the main message of the transcript is a detailed analysis of the percentage drawdown of Bitcoin from its all-time high, with a focus on the historical patterns and the potential implications of the upcoming spot Bitcoin ETF.","Bitcoin's drawdowns have historically shown a pattern of significant drops followed by recoveries, with the current cycle showing a 75% drawdown, similar to past cycles.",https://www.youtube.com/watch?v=CzF7lQbQAmg,Youtube,Bitcoin: Percentage Drawdown From All Time Highs,31672,2023-12-16 00:00:00,356,Benjamin Cowen
18,Benjamin Cowen,Bitcoin Dominance,https://www.youtube.com/watch?v=1zR6R6DC_Zo,"The refined and expanded summary is as follows:

The video transcript discusses the importance of Bitcoin dominance in the cryptocurrency market. The speaker argues that Bitcoin dominance is a key metric to follow, as it can provide insights into the performance of the overall altcoin market. The speaker maintains that during the current stage of the market cycle, the Bitcoin dominance is likely to increase, to the detriment of the altcoin market.

This view is based on the speaker's observation that the altcoin market has generally underperformed Bitcoin over the past 18 months, with many altcoins losing significant value against Bitcoin. The speaker provides historical examples to support this, showing how the altcoin market has tended to bleed against Bitcoin during periods when the Bitcoin dominance has risen. The speaker argues that this rotation of capital from altcoins to Bitcoin is a rational strategy, as it allows investors to maximize their risk-adjusted returns.

The additional context further reinforces the speaker's bearish sentiment on the altcoin market. The speaker contends that most altcoins have continued to lose value against Bitcoin, even as Bitcoin has reached new highs. This is exemplified by the performance of altcoins like Cardano, Polkadot, and Avalanche, which have seen significant declines against their Bitcoin pairs despite Bitcoin's recent rally.

The speaker suggests that the altcoin market may need to drop another 50% against Bitcoin, as the liquidity continues to flow from altcoins to Bitcoin. This is supported by the speaker's analysis of the Bitcoin dominance, which has been putting in higher lows since 2018, even when including stablecoins in the calculation.

The speaker provides further historical context, highlighting how the altcoin market has typically underperformed Bitcoin during the pre-halving year, with both bulls and bears getting ""sufficiently wrecked"" on the altcoin market. The speaker argues that this pattern is likely to repeat, with the altcoin market continuing to bleed against Bitcoin.

The overall sentiment of the transcript remains bearish on the altcoin market, with the speaker advising that the collective altcoin market is not worth the risk compared to Bitcoin. The main message and conclusion of the transcript is that the Bitcoin dominance is likely to continue rising, and that investors should focus on Bitcoin as a lower-risk option compared to altcoins.","Bitcoin dominance is likely to increase, leading to underperformance of the altcoin market.",https://www.youtube.com/watch?v=1zR6R6DC_Zo,Youtube,Bitcoin Dominance,49188,2023-06-27 00:00:00,3187,Benjamin Cowen
19,Benjamin Cowen,S&amp;P 500 ROI After Yield Curve Inversion,https://www.youtube.com/watch?v=0ZljXuhkPSw,"The transcript discusses the relationship between yield curve inversions and the performance of the S&P 500 index. It highlights that yield curve inversions, where shorter-term Treasury yields exceed longer-term yields, have historically been a reliable indicator of impending recessions, though the time between inversion and the onset of a recession can vary significantly, sometimes taking over a year.

The video analyzes the current yield curve inversion, which began in late 2022, and compares the S&P 500's performance during this period to previous instances of yield curve inversions. Notably, the S&P 500 has outperformed historical averages, continuing to climb the ""wall of worry"" despite the inverted yield curve. The presenter acknowledges that this resilience is unprecedented and has exceeded their own expectations.

However, the video cautions that the market's ability to defy the historical patterns associated with yield curve inversions is not guaranteed to continue indefinitely. It emphasizes that the eventual resolution of the yield curve inversion, whether through a recession or otherwise, is inevitable, though the timing remains highly uncertain.

The transcript provides a detailed analysis of the performance of the S&P 500 and the Russell 2000 index following past yield curve inversions, highlighting the potential for further market rallies before an eventual downturn. The overall sentiment is cautiously bullish, acknowledging the market's ability to surprise but also recognizing the historical significance of yield curve inversions and the need to be prepared for the eventual resolution of the current inversion.

In summary, the main message of the transcript is that while the current market rally has defied historical patterns associated with yield curve inversions, the eventual resolution of the inversion remains a significant risk factor that investors should closely monitor, as it could lead to a market downturn, even if the timing is uncertain.","Yield curve inversion signals recession, but current S&P 500 rally defies history.",https://www.youtube.com/watch?v=0ZljXuhkPSw,Youtube,S&P 500 ROI After Yield Curve Inversion,27118,2023-06-21 00:00:00,941,Benjamin Cowen
20,Benjamin Cowen,No Shill Zone (With Ben Cowen and Gareth Soloway),https://www.youtube.com/watch?v=38aMSriDEVM,"The refined and expanded summary is as follows:

The transcript discusses the current state of the cryptocurrency market, with a focus on Bitcoin dominance and its potential impact on altcoins. The speaker, Ben Cowan, believes that Bitcoin dominance is likely to continue increasing, potentially reaching around 60% by September or October. He suggests that this is due to the regulatory risks and idiosyncratic risks associated with altcoins, which are causing investors to shift towards the relative safety of Bitcoin.

Cowan also discusses the historical patterns of Bitcoin dominance, noting that in previous cycles, the dominance rally has been accompanied by a period of Bitcoin price appreciation, followed by a period of Bitcoin price decline. He suggests that we may be in a similar phase currently, where Bitcoin is propping up the overall cryptocurrency market, but there is still a risk of Bitcoin putting in a new low.

Regarding the broader market sentiment, Cowan and the host, Gareth, discuss the potential for a ""soft landing"" in the stock market, with the host acknowledging that he has been on the bearish side recently, but the markets have continued to rally. Cowan suggests that there are cracks emerging in the economy, such as rising initial jobless claims, increasing credit card delinquency rates, and elevated bankruptcy levels, which could lead to a more substantial market downturn.

The additional context provided further expands on the economic indicators and potential risks facing the broader financial markets. Cowan and Gareth discuss the historical patterns of market cycles, noting that even during previous recessions, there have been periods of market rallies before the eventual downturn. They suggest that the current market rally may be a similar ""melt-up"" phase before a more significant correction, and that the path to a ""hard landing"" often goes through a perceived ""soft landing"" scenario.

The speakers also touch on the real estate market, with Cowan highlighting the challenges facing the commercial real estate sector, as well as the potential risks in the residential real estate market due to rising interest rates and affordability concerns. They suggest that the real estate market could be in the early stages of a downturn, with potential for a more significant correction in the coming years.

Regarding the bond market, Cowan and Gareth discuss the inverted yield curve, which has historically been a precursor to recessions. They note that the current inversion is more significant than in previous periods, and that it could signal a recession before the yield curve uninverts. However, they also acknowledge that the relationship between the yield curve and recessions is not always straightforward, and that the current high-inflation environment may lead to a recession before the yield curve uninverts.

The overall sentiment of the transcript remains cautiously bearish, with the speakers highlighting the risks and potential challenges facing the cryptocurrency, real estate, and broader financial markets. The main message and conclusion is that Bitcoin dominance is likely to continue increasing, potentially at the expense of altcoins, and that there are signs of economic weakness that could lead to a more significant market correction, potentially similar to past recessionary periods.","The main message of the video is that Bitcoin dominance is likely to continue increasing, posing risks for altcoins, while economic indicators suggest a potential market downturn ahead.",https://www.youtube.com/watch?v=38aMSriDEVM,Youtube,No Shill Zone (With Ben Cowen and Gareth Soloway),51108,2023-06-19 00:00:00,3182,Benjamin Cowen
21,Benjamin Cowen,Ethereum Logarithmic Regression,https://www.youtube.com/watch?v=SnxRsYt5h7M,"The transcript provides a detailed analysis of Ethereum's price performance, focusing on its valuation relative to Bitcoin and its logarithmic regression trend line. The speaker argues that tracking Ethereum's performance against Bitcoin is a more important metric than its USD valuation, as it provides better insights into the cryptocurrency's market dynamics.

The speaker discusses the concept of fitting a logarithmic regression band to Ethereum's price data, excluding what is considered ""bubble"" data. They suggest that the fair value of Ethereum, according to this regression model, is around $875, which is close to the prior low of $880. The speaker also mentions a potential ""worst-case scenario"" where Ethereum could drop to around $400, based on the regression band's historical deviations.

The transcript also examines Ethereum's performance during pre-halving years, noting that it tends to rally for the first half of the year and then fade in the second half. The speaker suggests that Ethereum could potentially close the year below its yearly open of $1,195, which would represent a significant drop from the current price of around $1,700.

The speaker presents two logarithmic regression charts, the ""fair value"" regression line and the ""logarithmic regression rainbow,"" both of which suggest that Ethereum may revisit its lower regression trend line in the near future. The speaker argues that this is likely due to Ethereum's Bitcoin valuation being in a downtrend, with lower highs being put in since mid-April.

Overall, the transcript adopts a bearish sentiment, suggesting that Ethereum is likely to fade in the second half of the year and potentially revisit its fair value regression line or even lower levels. The speaker's main message is that tracking Ethereum's performance against Bitcoin is the most important metric, and that the cryptocurrency's USD valuation is likely to decline in the coming months.",Ethereum's price analysis suggests it may decline towards $400-$875 range based on regression models and Bitcoin valuation.,https://www.youtube.com/watch?v=SnxRsYt5h7M,Youtube,Ethereum Logarithmic Regression,44412,2023-06-18 00:00:00,756,Benjamin Cowen
22,Benjamin Cowen,Cardano Outlook,https://www.youtube.com/watch?v=znrZR9sp6uY,"The video transcript discusses the current state of the cryptocurrency market, particularly focusing on the performance of Cardano's native token, ADA. The presenter highlights that ADA has been experiencing a prolonged period of decline, with the token reaching new lows even as Bitcoin has not yet reached its previous low. This is presented as evidence that altcoins can continue to bleed for much longer than expected, even during a bear market or pre-halving year for Bitcoin.

The presenter provides a detailed analysis of ADA's performance against Bitcoin, noting that the ADA/BTC valuation has fallen to around 1,000 satoshis, a level last seen four years ago. The presenter suggests that the ADA/BTC valuation could potentially drop further, potentially reaching 400 satoshis, based on the historical patterns observed in the previous market cycle. This view is supported by the presenter's observation that the Bitcoin dominance has broken out of its previous range, which typically signals a prolonged period of altcoin underperformance.

The presenter also discusses the ADA/ETH valuation, which appears to be in a downward trend, and suggests that this is another factor to consider when evaluating the overall performance of ADA. The presenter cautions that while ADA may experience a bounce on its USD valuation if Bitcoin rallies, the risk-adjusted returns may not be as attractive as simply holding Bitcoin during this phase of the market cycle.

Overall, the sentiment of the transcript is bearish on the short-term prospects of ADA, with the presenter advising viewers to focus primarily on Bitcoin and maintain a good cash position, rather than rushing to invest in altcoins. The main message and conclusion of the transcript is that the altcoin market, including ADA, is likely to continue bleeding against Bitcoin for an extended period, and that patience and a cautious approach are warranted in the current market environment.","The video suggests that Cardano's ADA token will likely continue to underperform Bitcoin in the near-term, as altcoins typically bleed during a Bitcoin bear market or pre-halving period.",https://www.youtube.com/watch?v=znrZR9sp6uY,Youtube,Cardano Outlook,78193,2023-06-17 00:00:00,839,Benjamin Cowen
23,Benjamin Cowen,ETH/BTC Outlook,https://www.youtube.com/watch?v=CkhF4Aop4kM,"The refined and expanded summary is as follows:

The transcript presents a bearish outlook on the Ethereum-Bitcoin (ETH/BTC) valuation, arguing that it is likely to continue declining in the near future. The speaker provides several pieces of evidence to support this view:

1. The ETH/BTC ratio has been putting in a series of lower highs since late 2021, despite the Ethereum network's transition to a proof-of-stake consensus mechanism (the ""merge""). This suggests the merge did not have a significant positive impact on the ETH/BTC valuation.

2. The Bitcoin dominance has broken out of its previous trading range, indicating that Bitcoin is likely to outperform altcoins, including Ethereum, as the market transitions to a period of quantitative tightening and higher interest rates.

3. Technical analysis of the ETH/BTC chart shows it has been unable to sustain a move above the bull market support band (20-week SMA and 21-week EMA), and the 20-month SMA has been acting as resistance, suggesting further downside.

4. The ETH/BTC ratio exhibits a distribution pattern similar to Bitcoin's in early 2021, which was followed by a significant correction, implying the ETH/BTC ratio could experience a similar fate.

5. Seasonality analysis indicates that the ETH/BTC ratio tends to underperform during the latter half of the year, particularly from June onwards, which is the pre-halving period.

6. Historical data shows that when Bitcoin breaks below its 20-week moving average, the ETH/BTC ratio has consistently underperformed Bitcoin until Bitcoin breaks back above the 20-week MA. This pattern has held true 9 out of 9 times, with the exception of the pre-halving year of 2019, when Bitcoin outperformed Ethereum.

The additional context provided further reinforces the speaker's bearish stance on the ETH/BTC ratio. The speaker argues that the pre-halving year is typically a period where Bitcoin tends to outperform Ethereum, and the current market conditions suggest the ETH/BTC ratio is likely to experience a significant decline, potentially reaching the 0.03-0.04 range before a potential reassessment. The overall sentiment of the transcript remains strongly bearish, with the speaker presenting a comprehensive case for the ETH/BTC ratio to collapse as the market transitions to a period of tighter monetary conditions, with Bitcoin expected to outperform Ethereum.","The video presents a bearish outlook on the Ethereum-Bitcoin (ETH/BTC) valuation, predicting its decline due to Bitcoin's outperformance during the pre-halving period and tighter monetary conditions.",https://www.youtube.com/watch?v=CkhF4Aop4kM,Youtube,ETH/BTC Outlook,44657,2023-06-13 00:00:00,1765,Benjamin Cowen
24,Benjamin Cowen,The Altcoin Reckoning,https://www.youtube.com/watch?v=2C6cPfSoZTQ,"The refined and expanded summary is as follows:

The transcript presents a strongly bearish outlook on the altcoin market, emphasizing the ""altcoin Reckoning"" - a systematic bleeding of altcoins against both Bitcoin and Ethereum. The speaker argues that as long as Bitcoin's dominance remains below 49%, the altcoin market is in a holding pattern, with liquidity flowing from altcoins to Bitcoin and Ethereum.

The speaker claims that the upside target for the altcoin market this year is the low 400 billion dollar range, and that meme coins do not lead to real adoption, but rather exist to suck in liquidity. The speaker advises against ""marrying"" altcoins, as most are likely to go to zero, and suggests focusing on Bitcoin and Ethereum as the cryptocurrencies that will stand the test of time.

The speaker provides numerous examples to illustrate the systematic bleeding of altcoins against Bitcoin and Ethereum. Coins like Cardano (ADA), Polkadot (DOT), Chainlink (LINK), and Avalanche (AVAX) have all seen significant declines of 80% or more against their Bitcoin and Ethereum pairs. The speaker warns that this pattern can repeat, with altcoins potentially losing another 80% of their value, as seen in previous market cycles.

The speaker emphasizes that the altcoin Reckoning is not over, and that the collapse of the Ethereum-Bitcoin valuation is likely the event that will mark the end of this bearish phase. Until then, the speaker advises focusing on the ""blue chip"" cryptocurrencies of Bitcoin and Ethereum, as the altcoin market continues to bleed liquidity.

The additional context further reinforces the speaker's bearish stance on the altcoin market. The speaker provides more specific examples of altcoins, such as Algorand, that have already reached new lows, and suggests that the overall altcoin market could see a further 39% drop from current levels, potentially reaching a low of around 200 billion dollars. The speaker also notes that the stablecoin market, which is a significant component of the overall crypto market, is also showing signs of weakness, with the total stablecoin market capitalization declining.

The overall sentiment remains strongly bearish on the altcoin market, with the speaker repeatedly emphasizing the ""altcoin Reckoning"" and the systematic bleeding of altcoins against both Bitcoin and Ethereum. The main message and conclusion is that the best strategy is to focus on the more established cryptocurrencies like Bitcoin and Ethereum, rather than speculating on altcoins or meme coins, as the altcoin market is likely to continue its bearish trend.","The video presents a bearish outlook on the altcoin market, advising to focus on Bitcoin and Ethereum.",https://www.youtube.com/watch?v=2C6cPfSoZTQ,Youtube,The Altcoin Reckoning,67382,2023-06-09 00:00:00,3003,Benjamin Cowen
25,Benjamin Cowen,Real Estate Outlook,https://www.youtube.com/watch?v=-kpGCbbkO24,"The refined and expanded summary is as follows:

The transcript provides a detailed analysis of the current state of the real estate market in the United States, covering various metrics and indicators. The presenter acknowledges his limited expertise in the real estate sector but proceeds to systematically review several key charts and data points.

The analysis covers the purchase-only house price index, which shows that the real estate market has generally trended upwards over time, with the exception of the 2007-2011 downturn. The presenter notes that the real estate market can be resilient to crashes in the stock market, but argues that the reverse is not true - a significant downturn in real estate is likely to have a negative impact on the equity markets.

The transcript examines the Zillow home value index, mortgage rates, delinquency rates, and the demand for real estate loans, all of which suggest a slowdown in the real estate market, particularly in the latter half of 2022. The presenter highlights the potential impact of higher interest rates, which have made it more difficult for buyers to afford homes, leading to a drop in demand.

However, the analysis also points to some positive signs, such as the recent increase in new single-family home sales and the decline in the new houses for sale-to-sold ratio. The presenter acknowledges the seasonal nature of the real estate market and suggests that the current trends may not necessarily lead to a major crash in the equity markets.

The additional context provides further insights into the real estate market. The presenter notes that the amount of time it takes to sell a new home has been increasing, indicating a tightening of the market, despite still relatively low inventory levels. Housing starts and housing units under construction have also been trending downward, which can be a concerning sign for the broader economy, as these metrics have historically corresponded with recessions.

The presenter also examines the home ownership rate, which has been slowly increasing, despite the perception of many people feeling priced out of the market. Additionally, the owner's equity level in real estate has been declining, but the rate of decline has been slowing, suggesting the market may be stabilizing.

The rental vacancy rate has also been increasing, which is not a positive sign for the real estate market. Finally, the presenter looks at furniture and home furnishing sales, a cyclical metric, which has shown some signs of slowing down but not yet entered a sustained period of contraction.

Overall, the transcript presents a balanced and nuanced view of the real estate market, acknowledging both the challenges and the potential resilience of the sector. The presenter refrains from making definitive predictions, but highlights the key factors that are shaping the current real estate landscape.","The real estate market is showing signs of a slowdown, with higher interest rates and softening demand, but the overall picture remains mixed.",https://www.youtube.com/watch?v=-kpGCbbkO24,Youtube,Real Estate Outlook,25329,2023-06-08 00:00:00,1756,Benjamin Cowen
26,Benjamin Cowen,Ethereum: Dubious Speculation,https://www.youtube.com/watch?v=ViE1kDzYskY,"The transcript presents a bearish outlook on Ethereum, with the speaker maintaining the view that Ethereum will ultimately decline and return to its ""lower fair value regression band."" The speaker argues that Ethereum could experience a significant correction of around 65-75% from its recent highs, potentially reaching levels around $500-$745, which would be a lower low compared to previous lows. This is based on the speaker's analysis of Ethereum's historical price movements and the tendency for ""pre-halving"" years in the cryptocurrency market to see a ""wreck"" of both bulls and bears.

The speaker also discusses the Ethereum-Bitcoin (ETH/BTC) pair, suggesting that the Ethereum Bitcoin valuation is likely to continue declining, which could mark the ""end of the altcoin Reckoning."" The speaker believes that the lack of liquidity in the altcoin market is propping up Ethereum and Bitcoin, and once that liquidity dries up, it could lead to a broader market decline.

The speaker highlights the importance of monitoring metrics like the 20-month moving average of the ETH/BTC ratio and the total value locked (TVL) in the crypto ecosystem, as these can provide signals about the market's direction. The speaker also suggests that the altcoin market has been collectively leading back to Bitcoin, and that the dominance of Bitcoin will finally break out once the Ethereum-Bitcoin valuation breaks down, marking the ""penultimate stage of the altcoin Reckoning.""

Overall, the transcript presents a bearish sentiment, with the speaker expecting Ethereum to experience a significant correction and the broader altcoin market to face further declines before any potential recovery.","The video presents a bearish outlook on Ethereum, expecting a 65-75% correction and the end of the ""altcoin Reckoning"".",https://www.youtube.com/watch?v=ViE1kDzYskY,Youtube,Ethereum: Dubious Speculation,43086,2023-06-07 00:00:00,1401,Benjamin Cowen
27,Benjamin Cowen,Gross Domestic Income,https://www.youtube.com/watch?v=5KuB_HBRZCM,"The video transcript discusses the concept of Gross Domestic Income (GDI) and how it differs from Gross Domestic Product (GDP). The speaker explains that GDI measures the total income generated by a country, including wages, profits, and taxes, while GDP measures the economy's production of goods, services, and technology. 

The speaker argues that using both GDP and GDI can provide a more comprehensive understanding of the economy's performance. The transcript highlights that during the first half of 2022, when there were two consecutive quarters of negative GDP growth, the speaker was vocal in stating that this does not necessarily constitute a recession, as the unemployment rate remained low.

The speaker then delves into the historical trends of GDI, noting that the quarter-over-quarter percentage change in GDI has not turned negative, unlike real GDP. However, the speaker acknowledges that when adjusting for inflation, the year-over-year percentage change in real GDI has recently turned negative, suggesting a slowdown in the economy.

The speaker emphasizes the importance of considering inflation when analyzing economic metrics, as it can provide a more accurate picture of the underlying economic conditions. The transcript suggests that the speaker is taking a cautious, data-driven approach to assessing the state of the economy, rather than relying solely on the traditional GDP metric.

Overall, the sentiment of the transcript is somewhat bearish, as the speaker acknowledges the recent negative trends in real GDI and the potential for a prolonged economic slowdown, particularly when accounting for inflation. The main message and conclusion of the transcript is that analyzing both GDP and GDI, while considering the impact of inflation, can provide a more comprehensive understanding of the economy's performance.","The video discusses the difference between GDP and GDI, emphasizing the importance of analyzing both metrics and accounting for inflation to assess economic performance.",https://www.youtube.com/watch?v=5KuB_HBRZCM,Youtube,Gross Domestic Income,14506,2023-06-02 00:00:00,482,Benjamin Cowen
28,Benjamin Cowen,S&amp;P 500 Risk Metric,https://www.youtube.com/watch?v=4hMorJEt6Qo,"The transcript discusses the S&P 500 risk metric and how it can be used to navigate equity markets. The speaker explains that the S&P 500 risk metric is currently at 0.572, which is higher than the recent low of 0.36 in 2022 and 2021 levels of 0.8-0.9, indicating elevated risk in the market. The speaker suggests using a dynamic dollar-cost averaging (DCA) strategy, where the amount invested is increased as the risk level decreases, to take advantage of low-risk environments. This strategy involves having cash set aside to deploy when the risk level reaches certain thresholds, such as below 0.6, 0.5, 0.4, and so on. The speaker also notes that the current high-interest-rate environment makes it easier to hold cash for this purpose, as money market funds and short-term CDs can now provide meaningful yields. The overall sentiment of the transcript is cautiously bullish, as the speaker acknowledges the potential for market downturns but suggests a disciplined approach to take advantage of low-risk opportunities. The main message is that having a well-defined strategy to navigate market risk can be beneficial for long-term investment success.","The S&P 500 risk metric indicates elevated market risk, suggesting a dynamic dollar-cost averaging strategy.",https://www.youtube.com/watch?v=4hMorJEt6Qo,Youtube,S&P 500 Risk Metric,20845,2023-05-30 00:00:00,982,Benjamin Cowen
29,Benjamin Cowen,Bitcoin Dominance,https://www.youtube.com/watch?v=q9eH0UKydds,"The video transcript discusses the current state of the Bitcoin dominance, which refers to the percentage of the overall cryptocurrency market capitalization that Bitcoin holds. The speaker believes that the Bitcoin dominance is likely to continue increasing in the coming months, as the altcoin market is expected to systematically bleed back to Bitcoin.

The speaker provides several technical analysis points to support this view. Firstly, the Bitcoin dominance has been holding support at key levels, such as the 20-week and 100-day moving averages, indicating strength in the Bitcoin market. Additionally, the Bitcoin dominance is currently trading near the upper end of its Bollinger Bands, suggesting a potential breakout to the upside.

The speaker also discusses the Bitcoin and Ethereum dominance combined, which has already broken out above a key resistance level from August 2021. The speaker speculates that this combined dominance could potentially reach 80%, as the blue-chip cryptocurrencies continue to outperform the broader altcoin market.

The overall sentiment of the transcript is bullish on Bitcoin and the Bitcoin dominance, as the speaker believes that the altcoin market will continue to underperform compared to Bitcoin. The speaker suggests that investors should focus their cryptocurrency exposure on Bitcoin during this phase of the market cycle, as the altcoin market is likely to bleed back to Bitcoin.

In summary, the main message of the transcript is that the Bitcoin dominance is expected to continue increasing, as the altcoin market systematically weakens against Bitcoin, and that investors should consider allocating more of their cryptocurrency exposure to Bitcoin during this phase of the market cycle.","The Bitcoin dominance is likely to increase as the altcoin market weakens, suggesting investors should focus on Bitcoin.",https://www.youtube.com/watch?v=q9eH0UKydds,Youtube,Bitcoin Dominance,37540,2023-05-17 00:00:00,842,Benjamin Cowen
